Title,Breed,ProfileImage,Description
Jadzia,Trailing Begonia,./src/assets/flowerProfilePics/begonias/beg1.jpg,Nice
Worf,Trailing Begonia,./src/assets/flowerProfilePics/begonias/beg2.jpg,Nice
Julian,Trailing Begonia,./src/assets/flowerProfilePics/begonias/beg3.jpg,Nice
Miles,Trailing Begonia,./src/assets/flowerProfilePics/begonias/beg4.jpg,Nice
Benjamin,Trailing Begonia,./src/assets/flowerProfilePics/begonias/beg5.jpg,Nice
Quark,Trailing Begonia,./src/assets/flowerProfilePics/begonias/beg6.jpg,Nice
Odo,Trailing Begonia,./src/assets/flowerProfilePics/begonias/beg7.jpg,Nice
Ezri,Trailing Begonia,./src/assets/flowerProfilePics/begonias/beg8.jpg,Nice
Garak,Trailing Begonia,./src/assets/flowerProfilePics/begonias/beg9.jpg,Nice
Kira,Trailing Begonia,./src/assets/flowerProfilePics/begonias/beg10.jpg,Nice
Rom,Trailing Begonia,./src/assets/flowerProfilePics/begonias/beg11.jpg,Nice
Weyoun,Dahlia,./src/assets/flowerProfilePics/dahlias/dal1.jpg,
Nog,Dahlia,./src/assets/flowerProfilePics/dahlias/dal2.jpg,
Brunt,Dahlia,./src/assets/flowerProfilePics/dahlias/dal3.jpg,
Dukat,Dahlia,./src/assets/flowerProfilePics/dahlias/dal4.jpg,
Damar,Dahlia,./src/assets/flowerProfilePics/dahlias/dal5.jpg,
Winn,Dahlia,./src/assets/flowerProfilePics/dahlias/dal6.jpg,
Martok,Dahlia,./src/assets/flowerProfilePics/dahlias/dal7.jpg,
Alexander,Dahlia,./src/assets/flowerProfilePics/dahlias/dal8.jpg,
Ziyal,Dahlia,./src/assets/flowerProfilePics/dahlias/dal9.jpg,
Q,Bonzai,./src/assets/flowerProfilePics/others/bonzai1.jpg,
Vic,Hydrangea,./src/assets/flowerProfilePics/others/hydrangea1.jpg,
